deg,mos_pred,noi_pred,dis_pred,col_pred,loud_pred,model
output_16k_16.wav,2.5901012,3.96252,3.829019,2.8170066,2.309986,NISQAv2
output_1k_16.wav,1.5833876,3.257522,3.6478994,2.3690538,1.8107946,NISQAv2
output_2k_16.wav,1.3315139,3.4431787,3.7911785,1.4283782,1.7850593,NISQAv2
output_4k_16.wav,2.2182028,3.818948,3.9424875,1.985075,1.7431126,NISQAv2
output_8k_16.wav,2.8488872,4.0247755,4.263185,3.0111103,1.9976834,NISQAv2
output_8k_32.wav,2.558274,4.0016875,3.9722326,2.738141,2.053418,NISQAv2
output_8k_8.wav,0.5491741,1.475497,2.4738674,1.1271336,1.7668052,NISQAv2
